Model,ROC-AUC,Accuracy,Precision,Recall,F1-Score
RandomForest,0.8302399275690356,0.7801418439716312,0.8015267175572519,0.7446808510638298,0.7720588235294118
XGBoost,0.8094160253508375,0.6950354609929078,0.6627218934911243,0.7943262411347518,0.7225806451612903
LightGBM,0.8209848599165032,0.7411347517730497,0.7236842105263158,0.7801418439716312,0.7508532423208191
VotingEnsemble,0.8238519189175595,0.7553191489361702,0.7368421052631579,0.7943262411347518,0.764505119453925
